"DESCRIPTION","DURATION IN MS","NAME","PARENT SUITE","START TIME","STATUS","STOP TIME","SUB SUITE","SUITE","TEST CLASS","TEST METHOD"
"D:\Pythonallprojectsautomationwork\SauceDemo_Playwright_BDD\features\tc009_validate_product_sorting.feature: Sort products by price low to high","1809","test_sort_products_by_price_low_to_high","tests","2026-10-07","passed","2026-10-07","","test_tc009_validate_product_sorting","",""
"D:\Pythonallprojectsautomationwork\SauceDemo_Playwright_BDD\features\login.feature: Login with invalid credentials","1914","test_login_with_invalid_credentials","tests","2026-10-07","passed","2026-10-07","","test_login","",""
"D:\Pythonallprojectsautomationwork\SauceDemo_Playwright_BDD\features\tc009_validate_product_sorting.feature: Sort products by name Z to A","1973","test_sort_products_by_name_z_to_a","tests","2026-10-07","passed","2026-10-07","","test_tc009_validate_product_sorting","",""
"D:\Pythonallprojectsautomationwork\SauceDemo_Playwright_BDD\features\tc008_complete_checkout.feature: Complete checkout and verify order confirmation","2533","test_complete_checkout_and_verify_order_confirmation","tests","2026-10-07","passed","2026-10-07","","test_tc008_complete_checkout","",""
"D:\Pythonallprojectsautomationwork\SauceDemo_Playwright_BDD\features\login.feature: Login with different predefined users","7467","test_login_with_different_predefined_users[performance_glitch_user-successful_login]","tests","2026-10-07","passed","2026-10-07","","test_login","",""
"D:\Pythonallprojectsautomationwork\SauceDemo_Playwright_BDD\features\tc004_cart_icon.feature: Verify cart icon is visible after login","1971","test_verify_cart_icon_is_visible_after_login","tests","2026-10-07","passed","2026-10-07","","test_tc004_cart_icon","",""
"D:\Pythonallprojectsautomationwork\SauceDemo_Playwright_BDD\features\tc006_add_products_to_cart.feature: Add 4 randomly selected products to cart and validate cart count","2178","test_add_4_randomly_selected_products_to_cart_and_validate_cart_count","tests","2026-10-07","passed","2026-10-07","","test_tc006_add_products_to_cart","",""
"D:\Pythonallprojectsautomationwork\SauceDemo_Playwright_BDD\features\login.feature: Login with different predefined users","1655","test_login_with_different_predefined_users[visual_user-successful_login]","tests","2026-10-07","passed","2026-10-07","","test_login","",""
"D:\Pythonallprojectsautomationwork\SauceDemo_Playwright_BDD\features\tc007_validate_cart_products.feature: Validate added product details in the cart","2210","test_validate_added_product_details_in_the_cart","tests","2026-10-07","passed","2026-10-07","","test_tc007_validate_cart_products","",""
"D:\Pythonallprojectsautomationwork\SauceDemo_Playwright_BDD\features\login.feature: Login with different predefined users","2075","test_login_with_different_predefined_users[error_user-successful_login]","tests","2026-10-07","passed","2026-10-07","","test_login","",""
"D:\Pythonallprojectsautomationwork\SauceDemo_Playwright_BDD\features\login.feature: Login with different predefined users","2547","test_login_with_different_predefined_users[standard_user-successful_login]","tests","2026-10-07","passed","2026-10-07","","test_login","",""
"D:\Pythonallprojectsautomationwork\SauceDemo_Playwright_BDD\features\login.feature: Login with different predefined users","1765","test_login_with_different_predefined_users[problem_user-successful_login]","tests","2026-10-07","passed","2026-10-07","","test_login","",""
"D:\Pythonallprojectsautomationwork\SauceDemo_Playwright_BDD\features\login.feature: Login with different predefined users","1995","test_login_with_different_predefined_users[locked_out_user-locked_out]","tests","2026-10-07","passed","2026-10-07","","test_login","",""
"D:\Pythonallprojectsautomationwork\SauceDemo_Playwright_BDD\features\login.feature: Validate logout functionality","2961","test_validate_logout_functionality","tests","2026-10-07","passed","2026-10-07","","test_login","",""
"D:\Pythonallprojectsautomationwork\SauceDemo_Playwright_BDD\features\tc005_random_products.feature: Randomly select 4 products and fetch their names and prices","1826","test_randomly_select_4_products_and_fetch_their_names_and_prices","tests","2026-10-07","passed","2026-10-07","","test_tc005_random_products","",""
"D:\Pythonallprojectsautomationwork\SauceDemo_Playwright_BDD\features\tc010_reset_app_state.feature: Reset application state after adding products to cart","2898","test_reset_application_state_after_adding_products_to_cart","tests","2026-10-07","passed","2026-10-07","","test_tc010_reset_app_state","",""
